{
    "geometry": [[[-1.735218, -1.130834, 0.324879], [-1.545018, -1.255834, -0.620921], [-1.841918, -0.154134, 0.359479], [-1.436318, 1.618866, -0.083021], [-1.174318, 1.325966, -0.973521], [-0.586218, 1.758666, 0.372279], [-0.545718, -0.229234, -2.185321], [-0.483518, -0.316434, -3.144121], [0.381582, -0.297334, -1.855121], [1.874182, -0.380734, -0.904521], [1.984182, 0.477966, -0.464221], [1.652882, -0.959334, -0.151521], [0.638682, -1.290434, 1.521379], [-0.283618, -1.332034, 1.140779], [0.676882, -1.977134, 2.197879], [1.128282, 1.427866, 1.292179], [1.436882, 1.958866, 2.036579], [0.990382, 0.524766, 1.648979]]],
    "atomic_numbers": [8, 1, 1, 8, 1, 1, 8, 1, 1, 8, 1, 1, 8, 1, 1, 8, 1, 1],
    "charge": 0,
    "mult": 1,
    "n_ele": 60,
    "basis_n_func": 258,
    "hf_type": "RHF",
    "scf_grid_level": 2,
    "scf_grid_level_final": 2,
    "charges_lowdin": [-0.293962, 0.157693, 0.155853, -0.311666, 0.15184, 0.148646, -0.331041, 0.161092, 0.149176, -0.294669, 0.15989, 0.155384, -0.323967, 0.150507, 0.162372, -0.314845, 0.164495, 0.153202],
    "charges_mulliken": [-0.727133, 0.367822, 0.385302, -0.728632, 0.362456, 0.367988, -0.747751, 0.345511, 0.379712, -0.717689, 0.368948, 0.372433, -0.764557, 0.392648, 0.352874, -0.731537, 0.349046, 0.372558],
    "grads": [[[-0.00264324, -0.00237818, 0.00226562], [0.00097009, 0.00041966, -0.00164974], [0.00132095, 0.0013523, -0.0004859], [-0.00449462, 0.00223477, 0.00146807], [0.00181706, -0.00107299, -0.00147257], [0.00220872, -0.00088707, 0.00021214], [-0.002938, 1.433e-05, 0.0011145], [0.00096809, -0.00028075, -0.0021949], [0.00149366, 0.00041194, 0.00034633], [0.00172749, -0.0015437, -0.00356932], [-0.00049379, 0.00161017, 0.00129423], [-0.00105755, -0.00025673, 0.00177908], [0.00188663, 0.00125841, -0.0008487], [-0.00042586, -0.00021276, 1.387e-05], [-0.00065865, -0.00151915, 0.00137921], [-0.00038902, 0.00172721, -0.00295799], [0.00068267, 0.00049961, 0.00224429], [2.537e-05, -0.00137707, 0.0010618]]],
    "energy_mos": [-559.954847526268, -559.831770431687, -559.5150571210901, -559.5146217389292, -559.207024242324, -558.9609788987019, -37.3635718527643, -36.9645985251612, -36.86095035950575, -36.5967550220553, -36.31694034958615, -36.0076829584929, -20.29302645796275, -19.8459161902062, -19.67200822835165, -19.2724634616625, -18.9945263747618, -18.88538150932625, -17.07582440350125, -16.89182101779315, -16.26677550319465, -15.96260664110575, -15.71185372787, -15.026671052311002, -14.2704122390014, -14.234003405804502, -13.920990843574351, -13.818703247171399, -13.57927027011645, -13.1770043649223, 3.0834308855557, 3.8830102238649, 4.0564011694035, 5.56034720973195, 5.7878071773649005, 6.400634780075951, 7.4397559409803, 7.62324231037245, 8.21606954507175, 8.634009208054701, 8.90168760279155, 9.274184252741, 11.192586898766, 13.23722316003795, 13.28266617307145, 13.771219380259149, 14.048585028073798, 14.1922611411378, 14.679535413228152, 14.97124146096415, 15.5805315836187, 16.225577466228952, 16.2919460343659, 16.60691781631965, 17.1258117178381, 17.32916239831675, 18.2138861604474, 19.1327602108158, 19.31477716541525, 19.657205234884447, 19.8981620495022, 20.19294298374885, 20.44709732011585, 21.2581326515311, 21.951723645070548, 22.1585029600655, 22.76104465922765, 23.05362147128525, 23.3312048101803, 23.79926784442535, 24.3726389388139, 24.8459537703736, 25.769045585424752, 26.592652576733098, 27.0681443190968, 27.8784993658858, 30.634060272974047, 32.5068838490403, 36.665436557921495, 37.5961203494016, 38.16693357359545, 38.46484381712285, 38.726916666539395, 39.33517275656205, 39.54709502333145, 40.1102890597113, 40.16789556186215, 40.772967919833945, 41.16644454765695, 41.83943652271355, 42.6546624074265, 42.705928656860706, 43.595087874754505, 44.07229393437635, 44.259453840750254, 45.0831152548287, 49.7277721462431, 50.83181967187675, 51.016040748665255, 51.477273725262755, 51.6490591990834, 52.0035147007447, 52.314704100176506, 53.67813054810675, 54.19612647391855, 54.78068144756265, 55.01344763528036, 55.4536462112342, 56.564414948975205, 57.5427730870629, 58.52208362362736, 58.882688898309944, 59.00530339934525, 59.601341577480454, 61.5678811636589, 61.701271373174, 62.246505895420846, 62.8983002015235, 63.237680595867104, 63.68664123780706, 64.21290942467405, 64.66124420475785, 65.0437002216356, 66.14676813740745, 66.40685455571536, 67.1736441750393, 67.53373243340596, 68.77195929872116, 68.85860034872036, 69.10382935079095, 69.95094697878251, 70.6498986151768, 71.28204630127335, 71.49418625912315, 71.97887544963375, 72.37482831349631, 72.74101192211415, 73.21046273699675, 73.53713541452201, 73.9383400756992, 74.83539059525751, 76.32246557685495, 76.8882174834295, 77.34019858911, 79.9186950136779, 80.50915485787786, 80.86546073372254, 81.2990741544943, 81.40674960513715, 82.09051728867355, 82.62026853282696, 82.8018501052656, 83.2211775488861, 83.48640691896846, 84.0270699285269, 84.87108545862276, 85.2232279925548, 85.86996098103815, 86.13872783117701, 87.98436723357831, 88.65901910312296, 89.95009047820525, 91.06913147700145, 91.94800479134635, 93.03314040437026, 93.61143675945286, 95.01391154492984, 95.89800944520435, 109.42571414065107, 110.17723817296195, 111.4289346738769, 111.82328206602149, 113.42831840181071, 114.30408961825991, 116.9526825707166, 117.06324242817475, 117.66219222451029, 118.48000319080299, 118.92401136066387, 119.9309686644391, 150.42978835371466, 150.75199836409172, 150.81861183469408, 150.9104230478528, 150.98019303912102, 151.3344308497019, 152.95173952014864, 153.1666822506586, 153.3709309068439, 154.4569372841894, 154.8067124276221, 155.556059549129, 157.6810510304536, 158.11224263795592, 158.17931870210415, 158.3454442078344, 158.57649607829396, 158.74128822615677, 158.82183392590474, 159.16573141016664, 159.4774922486845, 159.6358625096755, 159.70255761443303, 160.20879822190327, 160.26251349599195, 160.6052953134668, 160.7857067963483, 160.92663455952226, 161.27164771057122, 161.39352750421017, 175.5169710525565, 175.8077519132008, 175.95989076701537, 176.94679328000876, 177.10233355695453, 177.16355917331705, 181.18529303816686, 181.84288336928518, 182.38553280995225, 183.04453813309314, 183.63736536779246, 184.1790079872127, 185.8252423599676, 186.19186135074625, 186.8117639135703, 187.08491179670222, 187.3848901054934, 187.8615791487993, 188.2160890732307, 188.2688791602277, 188.75664323724894, 188.8291615784072, 189.20285552929886, 189.36198770907126, 190.0391430260405, 190.3160460803093, 190.70111439015184, 191.0891759523499, 192.32604224841262, 193.3405371058467, 200.1929625119078, 201.09733289404454, 202.14981484500845, 202.6091702360375, 202.6678924049754, 203.66184266669677, 204.35137916386375, 204.98605750876996, 205.72767659692266, 206.38956632687885, 207.2097446836709, 207.81114350466095, 1223.264385920222, 1223.733401352944, 1224.1241024194917, 1224.6794867883623, 1227.1258447271273, 1228.5529458160745],
    "dipole_moment": [2.5265211700823, -0.5830003327751, 1.2353903376292001],
    "energy_scf": -12419.360138637763,
    "energy_nuc_repul": 303.86837335,
    "energy_scf_one_ele": -1235.80976552,
    "energy_scf_two_ele": 475.53830516,
    "ele_frozen": 12,
    "energy_correl_mp2": -1.558244926,
    "md5": "b83654f5a781a1bd5191c77c6ad1681f",
    "md5_arrays": "5f1d4f92ef7b4a262b2ce02ad7112d28",
    "md5_structures": "a8edf75388b959ab13f040f77e7b392a",
    "reptar_version": "0+untagged.17.gd23d473"
}